{
	"class_name" : "PinholeCameraParameters",
	"extrinsic" : 
	[
		0.84677421577225576,
		-0.2974983880954577,
		0.44098541538681951,
		0.0,
		0.047494435718093475,
		0.86796464584923094,
		0.49434972654148313,
		0.0,
		-0.5298279966924182,
		-0.39765824854568743,
		0.74909960037666234,
		0.0,
		72.290841623114744,
		14.24702159122949,
		250.04931050592472,
		1.0
	],
	"intrinsic" : 
	{
		"height" : 896,
		"intrinsic_matrix" : 
		[
			775.95876179085712,
			0.0,
			0.0,
			0.0,
			775.95876179085712,
			0.0,
			569.0,
			447.5,
			1.0
		],
		"width" : 1139
	},
	"version_major" : 1,
	"version_minor" : 0
}